,sample_id,ground_truth,prediction
0,normal_7,0,0.895225_0.10477505
1,normal_0060,0,0.9926191_0.007380902
2,normal_0357,0,0.994385_0.005614989
3,normal_0006,0,0.99678576_0.0032143034
4,normal_0124,0,0.98483837_0.015161634
5,D30462145,1,0.006939824_0.99306023
6,normal_0070,0,0.99880874_0.0011912964
7,HG0384836,1,0.033237543_0.9667624
8,HG045593X,1,0.008018033_0.9919819
9,normal_0038,0,0.994055_0.0059450697
10,Z00468243,1,0.00262127_0.9973787
11,Z00399518,1,4.458484e-05_0.9999554
12,normal_0164,0,0.9810127_0.018987298
13,D29759101,1,0.002682164_0.99731785
14,normal_0332,0,0.99246573_0.0075342613
15,normal_0153,0,0.9918976_0.008102368
16,W13591971,1,0.03207074_0.96792924
17,normal_0026,0,0.99338514_0.006614885
18,normal_0075,0,0.9903812_0.009618796
19,normal_0115,0,0.99787295_0.0021270765
20,D0211686X,1,0.00016355951_0.99983644
21,normal_0163,0,0.9919761_0.008023963
22,normal_0105,0,0.9942345_0.0057654753
23,Z00358778,1,0.0023848962_0.9976151
24,normal_0130,0,0.9911628_0.008837267
25,Z00408675,1,0.00019272632_0.9998073
26,normal_0454,0,0.9948127_0.005187281
27,normal_0075,0,0.9928195_0.007180484
28,normal_0322,0,0.98258245_0.017417569
29,D0813046X,1,0.007731312_0.99226874
30,normal_0227,0,0.9978204_0.002179683
31,Z00473293,1,0.004153679_0.99584633
0,normal_0205,0,0.99955136_0.00044860868
1,Z00270821,1,0.021692602_0.97830737
2,normal_0097,0,0.98130155_0.018698497
3,D02225257,1,0.00010231918_0.9998977
4,normal_0009,0,0.9954005_0.004599578
5,normal_0460,0,0.9932382_0.0067617567
6,normal_0164,0,0.95091414_0.04908587
7,Z00437703,1,0.00031333763_0.9996867
8,normal_0394,0,0.9997396_0.00026036537
9,Z00473126,1,0.006935655_0.99306434
10,normal_0177,0,0.96041036_0.03958966
11,normal_0221,0,0.96981466_0.030185373
12,normal_0461,0,0.9654217_0.03457833
13,normal_0099,0,0.994307_0.005693007
14,normal_0041,0,0.9969007_0.003099348
15,normal_0115,0,0.98373556_0.01626444
16,normal_0180,0,0.99468744_0.0053125983
17,D06402513,1,0.0013078792_0.9986921
18,Z00473126,1,0.001190122_0.99880993
19,normal_0050,0,0.6488034_0.35119662
20,normal_0048,0,0.99593383_0.0040662084
21,normal_0322,0,0.96803397_0.031966027
22,normal_0170,0,0.98696923_0.013030791
23,D23979736,1,0.04208945_0.9579106
24,D06402513,1,0.0010198604_0.9989801
25,Z00477802,1,0.00035354757_0.9996464
26,normal_0012,0,0.9978065_0.0021934654
27,normal_0155,0,0.9630498_0.03695014
28,Z00385315,1,0.00026164396_0.9997384
29,normal_0192,0,0.97523063_0.024769336
30,normal_0390,0,0.9978054_0.002194614
31,normal_0325,0,0.98009723_0.019902773
0,normal_0180,0,0.99978536_0.00021470853
1,D23672750,1,0.003648503_0.9963515
2,HG1324042,1,9.252052e-05_0.9999075
3,D23672750,1,0.0015813074_0.9984187
4,normal_0003,0,0.99302727_0.0069727534
5,normal_0119,0,0.99255145_0.007448581
6,HG1324042,1,0.0050892592_0.9949108
7,Z00337610,1,0.00038065435_0.99961936
8,normal_0185,0,0.990506_0.00949405
9,normal_0185,0,0.9745616_0.025438396
10,normal_0065,0,0.99774075_0.0022593206
11,normal_11,0,0.98785585_0.012144173
12,normal_0034,0,0.9940171_0.005982853
13,normal_0128,0,0.9973821_0.0026179154
14,normal_0005,0,0.9913926_0.008607348
15,normal_0448,0,0.96531993_0.034680035
16,W13591971,1,0.0083703315_0.99162966
17,HG0656782,1,0.0010120026_0.998988
18,Z00357569,1,0.5093049_0.49069512
19,normal_0019,0,0.9997298_0.0002702031
20,normal_3,0,0.6063211_0.3936789
21,normal_0012,0,0.99481803_0.0051819836
22,normal_0403,0,0.9985726_0.0014274082
23,normal_3,0,0.78899914_0.21100087
24,normal_0159,0,0.9924225_0.0075775026
25,Z00410561,1,0.00018462588_0.9998154
26,normal_14,0,0.9297922_0.07020776
27,normal_0461,0,0.96709776_0.032902244
28,normal_0177,0,0.97139424_0.028605754
29,normal_0193,0,0.8930948_0.10690525
30,Z00415455,1,0.00041238943_0.9995876
31,normal_6,0,0.98371387_0.016286114
0,D01812636,1,0.00061952445_0.99938047
1,Z00385315,1,0.00033664057_0.99966335
2,normal_0204,0,0.9214004_0.078599654
3,normal_0159,0,0.99337727_0.0066227005
4,normal_0022,0,0.9943686_0.0056313328
5,normal_0146,0,0.99786335_0.0021366193
6,normal_0170,0,0.9894434_0.010556629
7,normal_0153,0,0.98548526_0.014514803
8,normal_0150,0,0.9963425_0.003657486
9,normal_0471,0,0.99208164_0.007918331
10,D23786264,1,0.002828987_0.997171
11,HG1324042,1,0.0028961406_0.99710387
12,normal_0043,0,0.99857795_0.0014220569
13,normal_0127,0,0.99816567_0.0018343437
14,normal_0124,0,0.9564112_0.04358877
15,Z00468243,1,0.007971191_0.9920289
16,normal_11,0,0.9851281_0.014871926
17,normal_0359,0,0.9928926_0.007107407
18,normal_0221,0,0.9793968_0.020603161
19,80140112,1,0.0009446285_0.9990553
20,D30462145,1,0.00030930675_0.9996908
21,normal_0246,0,0.99861705_0.0013829785
22,normal_11,0,0.9907658_0.009234203
23,normal_0435,0,0.9997003_0.00029967976
24,normal_0009,0,0.99121094_0.008789039
25,Z00410561,1,6.612733e-05_0.99993384
26,normal_0103,0,0.98039883_0.019601146
27,normal_0143,0,0.96063226_0.039367743
28,HG1324042,1,9.513473e-05_0.9999049
29,normal_0093,0,0.9843575_0.01564252
30,D23672750,1,0.0022162169_0.99778384
31,normal_0313,0,0.7810824_0.21891764
0,normal_0073,0,0.9832281_0.016771927
1,normal_0394,0,0.9993425_0.00065748167
2,normal_0118,0,0.9847543_0.015245738
3,normal_0009,0,0.98577857_0.014221457
4,normal_0166,0,0.97144026_0.028559772
5,80140112,1,0.007559763_0.9924402
6,Z00479339,1,0.00094010326_0.99905986
7,normal_0197,0,0.98864347_0.01135658
8,normal_0136,0,0.9986253_0.0013747325
9,normal_0460,0,0.9866383_0.013361723
10,normal_0359,0,0.99309593_0.0069041
11,D23979736,1,0.16908333_0.83091664
12,Z00479791,1,0.00029484887_0.99970514
13,normal_0052,0,0.99867505_0.0013248747
14,Z00437703,1,0.00022010338_0.9997799
15,normal_0012,0,0.998917_0.0010830888
16,D24291220,1,4.1016556e-05_0.999959
17,Z00309741,1,0.022405129_0.9775949
18,HG0766148,1,6.847143e-05_0.9999316
19,normal_0077,0,0.9775438_0.022456216
20,normal_0122,0,0.99763036_0.0023695705
21,normal_11,0,0.9670424_0.03295767
22,D30462145,1,0.0032199628_0.9967801
23,normal_0138,0,0.99989593_0.00010402676
24,normal_0119,0,0.992679_0.007320993
25,Z00408100,1,0.0016537769_0.9983462
26,D23805007,1,0.008723218_0.99127674
27,normal_0094,0,0.90041614_0.09958384
28,Z00372503,1,0.014461493_0.9855385
29,normal_0357,0,0.9974953_0.002504739
30,normal_0313,0,0.8538736_0.14612634
31,Z00398330,1,0.002170713_0.99782926
0,D24261507,1,0.0142114_0.98578864
1,normal_0295,0,0.99412316_0.0058768494
2,normal_0163,0,0.9907482_0.009251798
3,D24128247,1,1.31815e-05_0.99998677
4,D29759101,1,0.0010261353_0.99897385
5,D23672750,1,0.001573572_0.99842644
6,normal_0032,0,0.99347854_0.0065214243
7,Z00337610,1,0.0558088_0.94419116
8,normal_0138,0,0.9996426_0.00035740362
9,normal_0246,0,0.99867105_0.0013289902
10,normal_0199,0,0.9976572_0.0023427522
11,normal_0196,0,0.96317554_0.03682447
12,normal_0148,0,0.9954039_0.004596066
13,normal_0193,0,0.984727_0.015273001
14,normal_0311,0,0.978049_0.021950956
15,normal_0199,0,0.9962329_0.0037670955
16,Z00437703,1,0.00071050046_0.9992895
17,Z00309741,1,0.005237324_0.9947627
18,HG0384836,1,0.0010575257_0.99894243
19,Z00399518,1,0.0011534573_0.99884653
20,normal_0454,0,0.95808697_0.041913047
21,normal_0192,0,0.9951982_0.0048018093
22,normal_0176,0,0.9915018_0.008498162
23,Z00281063,1,0.1411484_0.8588516
24,Z00399518,1,0.0013502241_0.9986498
25,normal_0022,0,0.99143606_0.008563985
26,normal_8,0,0.9975746_0.002425401
27,normal_0094,0,0.97072923_0.02927078
28,normal_0014,0,0.9997701_0.00022986608
29,normal_0124,0,0.93515074_0.06484921
30,D32172117,1,0.011144603_0.9888554
31,normal_0193,0,0.9427489_0.057251092
0,normal_0118,0,0.9466157_0.05338434
1,normal_0140,0,0.94220936_0.057790574
2,normal_0470,0,0.98237854_0.017621435
3,normal_0131,0,0.944873_0.05512696
4,normal_0227,0,0.9929634_0.007036693
5,D02225257,1,9.418435e-06_0.9999906
6,normal_0166,0,0.95461994_0.045380026
7,normal_0010,0,0.99295336_0.007046689
8,normal_0128,0,0.9951369_0.0048631327
9,D0211686X,1,4.3818063e-06_0.9999956
10,normal_0155,0,0.8623427_0.13765727
11,normal_0196,0,0.782136_0.21786398
12,normal_0408,0,0.86293477_0.13706523
13,normal_0131,0,0.9861855_0.013814496
14,D08169364,1,5.0510207e-06_0.999995
15,normal_0005,0,0.8985996_0.1014004
16,Z00398330,1,0.00033896457_0.9996611
17,normal_0104,0,0.9999168_8.3199746e-05
18,normal_0148,0,0.86135954_0.13864043
19,normal_0043,0,0.9951676_0.0048324503
20,normal_0134,0,0.9702354_0.029764535
21,normal_0159,0,0.9839342_0.016065732
22,normal_0144,0,0.7171238_0.2828762
23,normal_0461,0,0.95113605_0.048864
24,normal_0041,0,0.98758334_0.012416603
25,Z00455583,1,0.00032472116_0.9996753
26,normal_0192,0,0.98482436_0.015175596
27,normal_0394,0,0.9959764_0.00402364
28,normal_0221,0,0.90295345_0.09704657
29,normal_0157,0,0.9932794_0.0067205504
30,normal_0013,0,0.9465939_0.053406127
31,Z00480584,1,3.834368e-05_0.9999616
0,normal_0460,0,0.99845684_0.0015432085
1,normal_0115,0,0.9995493_0.00045070532
2,normal_0129,0,0.9983229_0.0016770796
3,D23672750,1,0.021216748_0.97878325
4,Z00468243,1,0.01809334_0.98190665
5,normal_0311,0,0.9931049_0.0068951077
6,normal_15,0,0.9931839_0.006816126
7,D44570219,1,0.00395632_0.9960437
8,normal_0070,0,0.99849117_0.0015087913
9,normal_7,0,0.98351556_0.016484402
10,HG1324042,1,0.005346191_0.9946538
11,normal_14,0,0.97227275_0.027727216
12,normal_0070,0,0.9926778_0.007322203
13,normal_0032,0,0.9985171_0.0014828785
14,HG0656782,1,0.0020817362_0.9979183
15,Z00372503,1,0.0064761452_0.99352384
16,Z00270821,1,0.0068213954_0.9931786
17,Z00437703,1,0.04375456_0.9562455
18,Z00457765,1,0.01761244_0.98238754
19,normal_0097,0,0.9994037_0.00059623667
20,normal_0134,0,0.9968924_0.0031076653
21,D32172117,1,0.031906825_0.9680932
22,normal_0176,0,0.9943984_0.005601552
23,normal_0041,0,0.9998091_0.0001909127
24,HG0411910,1,0.0059015383_0.9940984
25,Z00473126,1,0.0012658968_0.99873406
26,Z00288756,1,0.014464027_0.9855359
27,D23805007,1,0.033658177_0.96634185
28,normal_0055,0,0.99916244_0.00083757594
29,Z00426754,1,0.2137559_0.7862441
30,Z00479339,1,0.028425982_0.971574
31,normal_0002,0,0.99923885_0.0007611597
0,normal_0034,0,0.9421471_0.057852946
1,normal_0120,0,0.99614114_0.0038588336
2,normal_0205,0,0.9996018_0.00039818115
3,normal_0325,0,0.9596426_0.040357426
4,Z00358778,1,0.00017637022_0.99982363
5,normal_0155,0,0.81044877_0.18955123
6,normal_0163,0,0.9833055_0.016694438
7,normal_0130,0,0.9342103_0.06578963
8,normal_0009,0,0.99025166_0.009748378
9,D08142516,1,0.00038142534_0.99961853
10,Z00337610,1,0.0018490034_0.998151
11,HG0411910,1,0.00013598744_0.999864
12,normal_0130,0,0.987932_0.012067915
13,normal_0132,0,0.990464_0.009536023
14,normal_0127,0,0.9838644_0.016135558
15,normal_0153,0,0.9885252_0.011474827
16,normal_0131,0,0.9890646_0.010935436
17,normal_0471,0,0.9908715_0.009128462
18,normal_0060,0,0.975575_0.02442505
19,Z00408100,1,7.319004e-07_0.9999993
20,Z00426754,1,0.004530468_0.99546957
21,normal_0155,0,0.8453599_0.15464002
22,normal_0346,0,0.9807778_0.019222254
23,normal_0359,0,0.99015874_0.0098412195
24,normal_14,0,0.9197644_0.08023557
25,normal_8,0,0.9905935_0.009406572
26,D01802251,1,5.124866e-05_0.99994874
27,D06402513,1,0.00051856396_0.9994815
28,normal_0192,0,0.99038166_0.009618323
29,normal_0073,0,0.966918_0.03308209
30,normal_0185,0,0.9754031_0.024596872
31,normal_0164,0,0.83005667_0.16994332
0,normal_15,0,0.99412376_0.005876239
1,normal_0150,0,0.98927724_0.010722712
2,normal_3,0,0.9841702_0.015829803
3,normal_0194,0,0.9993044_0.0006956334
4,normal_0093,0,0.99907255_0.000927419
5,normal_0185,0,0.99221087_0.007789089
6,normal_0061,0,0.9790115_0.020988517
7,D0813046X,1,0.17004599_0.82995397
8,HG0384836,1,0.002427698_0.99757224
9,Z00455583,1,0.0044353316_0.9955647
10,normal_0325,0,0.9982488_0.0017511668
11,normal_8,0,0.997463_0.0025370535
12,D08169364,1,0.00012490228_0.99987507
13,normal_10,0,0.99459946_0.0054005207
14,Z00337610,1,0.00492722_0.9950728
15,normal_14,0,0.9942568_0.00574322
16,normal_0129,0,0.9959202_0.004079802
17,Z00469237,1,0.9654787_0.034521274
18,HG0766148,1,0.00079715607_0.9992029
19,Z00385315,1,0.0008843152_0.99911565
20,Z00477106,1,3.2127744e-05_0.9999678
21,normal_0408,0,0.9894688_0.010531103
22,80140112,1,0.00048389175_0.9995161
23,normal_0083,0,0.9848216_0.015178367
24,normal_4,0,0.99232167_0.0076783625
25,normal_0325,0,0.980858_0.019141924
26,W13591971,1,0.17662366_0.82337636
27,Z00468363,1,0.021365765_0.97863424
28,Z00473293,1,0.0035940295_0.9964059
29,normal_0138,0,0.999985_1.4990083e-05
30,Z00415455,1,0.021439932_0.97856003
31,normal_0177,0,0.9795599_0.020440128
0,HG0384836,1,9.2445895e-05_0.9999075
1,normal_0435,0,0.9954123_0.004587701
2,normal_0078,0,0.99092895_0.009071093
3,normal_0127,0,0.97844964_0.021550361
4,normal_0120,0,0.9979734_0.0020265798
5,normal_0346,0,0.99020606_0.00979398
6,D23672750,1,0.00013931848_0.99986064
7,normal_0470,0,0.92729324_0.072706796
8,normal_0311,0,0.838687_0.16131294
9,normal_0155,0,0.9036599_0.09634011
10,D44570219,1,4.5757515e-06_0.99999547
11,normal_0015,0,0.93572646_0.06427352
12,D0211686X,1,0.0003074947_0.99969256
13,normal_0146,0,0.99833363_0.0016663934
14,Z00399518,1,0.00580289_0.99419713
15,normal_0136,0,0.9792169_0.020783158
16,normal_0104,0,0.9977215_0.0022784348
17,normal_0097,0,0.963402_0.036597993
18,Z00415455,1,0.0001314529_0.9998685
19,normal_0200,0,0.8601931_0.13980696
20,normal_0390,0,0.9858364_0.014163649
21,normal_0403,0,0.96929103_0.030708937
22,Z00473126,1,0.00021078956_0.9997892
23,normal_0120,0,0.9915834_0.008416671
24,normal_0413,0,0.9853233_0.014676752
25,normal_0003,0,0.9988172_0.0011828494
26,normal_0103,0,0.9135753_0.08642473
27,normal_7,0,0.9416412_0.058358815
28,Z00419159,1,0.00038747946_0.9996125
29,normal_8,0,0.9986576_0.0013424053
30,normal_0052,0,0.9938437_0.006156285
31,normal_0204,0,0.82224977_0.1777502
0,normal_0175,0,0.90020454_0.09979543
1,normal_0471,0,0.98818666_0.011813371
2,normal_0201,0,0.997393_0.0026069977
3,normal_0246,0,0.995693_0.0043070335
4,normal_0157,0,0.99689496_0.00310504
5,normal_0357,0,0.9824577_0.017542351
6,normal_0196,0,0.75728816_0.24271186
7,Z00468363,1,0.0073621552_0.9926379
8,normal_0050,0,0.5832785_0.41672152
9,normal_0143,0,0.98567027_0.014329742
10,normal_0002,0,0.9937496_0.006250407
11,normal_0202,0,0.9981633_0.0018367175
12,normal_0332,0,0.9976793_0.0023207036
13,normal_0201,0,0.9932325_0.0067675556
14,normal_0085,0,0.9415311_0.058468852
15,D30840695,1,0.021010743_0.9789892
16,normal_0359,0,0.99824643_0.0017536274
17,normal_0163,0,0.93754196_0.06245806
18,normal_0050,0,0.73184323_0.26815677
19,normal_0051,0,0.9950223_0.0049776714
20,normal_0122,0,0.9896493_0.010350675
21,D23786264,1,0.0021559943_0.997844
22,Z00468243,1,0.0006533147_0.9993467
23,D02225257,1,0.00022036227_0.99977964
24,normal_0094,0,0.97548544_0.024514558
25,Z00399518,1,7.9605044e-05_0.99992037
26,Z00410561,1,2.850769e-05_0.9999715
27,normal_14,0,0.9607445_0.039255552
28,80146759,1,0.0005341379_0.9994659
29,normal_0037,0,0.9962369_0.0037630964
30,normal_0050,0,0.682584_0.31741595
31,D08169364,1,7.0374095e-05_0.99992967
0,normal_0005,0,0.99794096_0.0020590532
1,D23548290,1,0.040529054_0.95947087
2,normal_0359,0,0.9997845_0.00021544985
3,normal_0010,0,0.99926955_0.0007304327
4,normal_3,0,0.9700087_0.029991357
5,normal_0083,0,0.9863984_0.013601629
6,normal_0118,0,0.9963821_0.0036178743
7,T00172810,1,0.0069542984_0.99304575
8,normal_0168,0,0.99666375_0.0033362217
9,normal_4,0,0.98164374_0.018356254
10,normal_0077,0,0.99126107_0.00873898
11,Z00309741,1,0.00116065_0.9988393
12,normal_0199,0,0.99192315_0.008076866
13,normal_0470,0,0.99435014_0.005649929
14,Z00357569,1,0.29824087_0.70175916
15,D06402513,1,0.023985473_0.97601455
16,T00172810,1,0.0016578481_0.99834216
17,D30462145,1,0.053640895_0.94635904
18,normal_0157,0,0.99627906_0.0037209487
19,Z00468243,1,0.0014724405_0.9985275
20,normal_0098,0,0.99980336_0.00019661748
21,D24291220,1,0.0063867355_0.9936133
22,HG0411910,1,0.0142203_0.98577976
23,normal_0140,0,0.99210393_0.007896002
24,Z00477802,1,0.00062410405_0.9993759
25,normal_0192,0,0.99607277_0.003927234
26,normal_0332,0,0.9758617_0.024138233
27,D01802251,1,0.03214517_0.96785486
28,Z00415455,1,0.0069546113_0.9930454
29,D29759101,1,0.0043480573_0.995652
30,normal_0032,0,0.99932814_0.0006719278
31,D30462145,1,0.009167029_0.990833
0,normal_0132,0,0.99890435_0.0010956246
1,normal_0103,0,0.99482393_0.0051761293
2,normal_0408,0,0.9504051_0.049594935
3,normal_0309,0,0.99756867_0.0024312641
4,normal_3,0,0.8289082_0.17109178
5,D0211686X,1,0.0010394526_0.9989605
6,Z00476547,1,0.000987686_0.99901223
7,Z00455583,1,0.0047505507_0.9952494
8,normal_0471,0,0.9911437_0.008856359
9,normal_6,0,0.97848445_0.021515585
10,Z00469237,1,0.8747716_0.1252284
11,Z00358778,1,0.00025390042_0.99974614
12,D02225257,1,0.00020027741_0.9997998
13,normal_9,0,0.984345_0.01565499
14,D30840695,1,0.7173947_0.28260532
15,normal_0022,0,0.9979096_0.0020903363
16,normal_0061,0,0.9863527_0.013647301
17,normal_0119,0,0.9968828_0.0031172526
18,Z00472552,1,0.001293124_0.9987068
19,normal_0051,0,0.9921218_0.007878212
20,normal_0408,0,0.98935485_0.010645191
21,normal_0019,0,0.99970454_0.00029538543
22,Z00281063,1,0.1748389_0.82516104
23,D24261507,1,0.004594284_0.9954057
24,normal_0311,0,0.9348205_0.065179475
25,normal_0112,0,0.9951277_0.0048722676
26,HG1047858,1,0.00022949664_0.99977046
27,Z00398330,1,0.00039881995_0.9996012
28,normal_0051,0,0.9964864_0.003513623
29,normal_0038,0,0.9969946_0.0030053884
30,normal_0197,0,0.99651957_0.0034804596
31,Z00476547,1,0.0025891834_0.99741083
0,D01812636,1,0.0008691612_0.9991309
1,D24291220,1,0.00023301764_0.999767
2,normal_0420,0,0.9867055_0.013294501
3,normal_0134,0,0.9819536_0.018046342
4,normal_0006,0,0.9980952_0.001904838
5,normal_0033,0,0.9957354_0.0042645857
6,normal_4,0,0.91639584_0.08360409
7,Z00337610,1,0.0029657066_0.9970343
8,normal_0180,0,0.99772555_0.0022744515
9,normal_0026,0,0.95333964_0.04666035
10,normal_0166,0,0.9691728_0.03082719
11,normal_0083,0,0.99719065_0.002809306
12,normal_0227,0,0.9992613_0.000738647
13,Z00472552,1,0.015149499_0.9848505
14,W13591971,1,0.004013765_0.99598616
15,normal_0170,0,0.9895103_0.010489755
16,normal_0093,0,0.99120295_0.00879701
17,normal_0313,0,0.787947_0.21205308
18,HG045593X,1,0.0641184_0.9358816
19,Z00479339,1,0.00060708856_0.99939287
20,normal_0175,0,0.96549684_0.034503188
21,HG0384836,1,0.0006784526_0.9993216
22,normal_0193,0,0.96738654_0.03261351
23,D0813046X,1,0.0071263597_0.99287367
24,D56116603,1,0.0036015646_0.99639845
25,normal_0006,0,0.9962733_0.0037267688
26,normal_0013,0,0.9580233_0.041976713
27,Z00408100,1,8.445151e-05_0.9999156
28,normal_0033,0,0.9977319_0.0022679996
29,normal_0022,0,0.98549277_0.01450722
30,normal_0132,0,0.9794764_0.020523658
31,normal_0408,0,0.9836844_0.016315622
0,normal_0060,0,0.988627_0.011373006
1,normal_0435,0,0.99968624_0.00031382224
2,normal_0420,0,0.95621645_0.04378348
3,Z00288756,1,0.010936156_0.9890638
4,Z00457765,1,0.013488812_0.9865111
5,D23979736,1,0.21172193_0.7882781
6,normal_0148,0,0.99312395_0.006876053
7,Z00457765,1,0.004059663_0.9959403
8,D24291220,1,0.0006463899_0.9993536
9,T00172810,1,0.00075095316_0.99924904
10,Z00468363,1,0.014824919_0.9851751
11,normal_0105,0,0.9957135_0.004286549
12,normal_0097,0,0.99183226_0.008167721
13,normal_0048,0,0.9966704_0.0033295723
14,normal_0420,0,0.9774663_0.02253369
15,normal_0006,0,0.9991629_0.00083711866
16,Z00473293,1,0.0029752222_0.99702483
17,normal_0461,0,0.9818872_0.018112767
18,normal_0014,0,0.9996222_0.0003777524
19,HG045593X,1,0.006334766_0.9936652
20,D23548290,1,0.009991676_0.99000835
21,normal_10,0,0.9907884_0.0092116585
22,Z00408675,1,0.00032440617_0.99967563
23,normal_0176,0,0.99810576_0.0018941937
24,normal_0124,0,0.9665482_0.03345178
25,normal_0134,0,0.99886084_0.0011392166
26,normal_0132,0,0.9939686_0.0060313577
27,D06164607,1,0.0029131062_0.99708694
28,Z00476547,1,0.006022252_0.9939778
29,Z00479791,1,0.004952035_0.995048
30,normal_0129,0,0.9933749_0.0066250884
31,normal_0055,0,0.9998337_0.00016627136
0,normal_0129,0,0.97044164_0.029558377
1,normal_0146,0,0.99936706_0.00063293806
2,HG1047858,1,0.0035331235_0.9964669
3,normal_0357,0,0.99542326_0.0045767743
4,D32172117,1,0.0037940138_0.9962059
5,normal_0037,0,0.99777466_0.0022252982
6,Z00357569,1,0.017247796_0.98275226
7,normal_0003,0,0.9968797_0.003120253
8,D24261507,1,0.0018459116_0.9981541
9,HG045593X,1,0.011955201_0.9880448
10,normal_0420,0,0.9903077_0.009692288
11,normal_0060,0,0.978689_0.02131097
12,normal_0063,0,0.9912675_0.008732526
13,normal_0002,0,0.9957228_0.004277158
14,Z00479339,1,0.0011076756_0.99889237
15,normal_0065,0,0.99955505_0.0004449643
16,D02225257,1,0.0011199911_0.99887997
17,normal_0176,0,0.9820716_0.01792838
18,normal_0112,0,0.995282_0.0047180383
19,normal_0112,0,0.9968317_0.003168326
20,Z00426754,1,0.012686201_0.9873138
21,normal_0052,0,0.99766064_0.0023393098
22,Z00457765,1,0.024384493_0.97561556
23,normal_0153,0,0.99325186_0.0067481366
24,normal_0346,0,0.98525304_0.014746949
25,normal_9,0,0.99044156_0.009558479
26,HG1047858,1,0.00063234236_0.99936765
27,W13591971,1,0.0069501144_0.99304986
28,D32172117,1,0.0038553267_0.99614465
29,Z00410561,1,0.017991586_0.98200846
30,Z00469237,1,0.8867598_0.113240115
31,normal_0032,0,0.9889142_0.011085818
0,normal_0175,0,0.9857744_0.01422565
1,Z00477802,1,0.00022737481_0.9997726
2,normal_0180,0,0.9988158_0.0011842969
3,normal_0313,0,0.8410728_0.15892714
4,D08169364,1,0.00022760668_0.99977237
5,80139062,1,0.00032396452_0.9996761
6,normal_0130,0,0.9072768_0.09272319
7,normal_0157,0,0.9978091_0.0021909073
8,Z00477802,1,0.00012357684_0.9998764
9,normal_0122,0,0.9902768_0.0097232405
10,normal_0063,0,0.87540776_0.12459228
11,Z00455583,1,0.009395062_0.99060494
12,normal_0103,0,0.9702763_0.029723762
13,normal_0143,0,0.96823156_0.03176847
14,normal_0034,0,0.95259565_0.047404326
15,normal_0403,0,0.99623257_0.0037673744
16,normal_4,0,0.6218265_0.37817344
17,normal_0048,0,0.98998004_0.010019908
18,normal_0093,0,0.9934755_0.006524489
19,normal_0325,0,0.9853258_0.014674187
20,normal_0003,0,0.9910417_0.008958338
21,HG0656782,1,0.00092136086_0.99907863
22,Z00472552,1,0.00141489_0.9985851
23,Z00419159,1,0.0026347672_0.9973653
24,normal_0051,0,0.9838374_0.016162645
25,normal_0295,0,0.97922313_0.020776832
26,Z00469237,1,0.6229515_0.37704852
27,normal_0143,0,0.9835421_0.016457867
28,normal_0138,0,0.9997733_0.00022669251
29,Z00419159,1,0.00016911201_0.99983084
30,normal_0122,0,0.99333704_0.006662938
31,normal_0019,0,0.9994161_0.0005838931
0,D23979736,1,0.032404877_0.96759516
1,HG1047858,1,0.0003905486_0.99960953
2,normal_0003,0,0.98729837_0.012701666
3,D23786264,1,0.00027110835_0.99972886
4,D06402513,1,0.0053116963_0.9946883
5,Z00408675,1,0.00019290192_0.9998072
6,D23786264,1,0.001415663_0.9985844
7,Z00469237,1,0.73467076_0.26532927
8,normal_0013,0,0.94798976_0.05201024
9,normal_0099,0,0.9643149_0.035685122
10,normal_8,0,0.9958891_0.0041109174
11,normal_0390,0,0.9995448_0.00045511738
12,normal_0168,0,0.9797814_0.020218585
13,normal_0332,0,0.9731082_0.02689178
14,normal_6,0,0.99180216_0.008197872
15,normal_0470,0,0.993624_0.0063760504
16,normal_0200,0,0.82824093_0.1717591
17,normal_15,0,0.9864422_0.013557729
18,normal_0026,0,0.98867756_0.011322453
19,normal_0078,0,0.9980101_0.0019899455
20,normal_9,0,0.98601156_0.013988352
21,normal_0103,0,0.951843_0.048156917
22,D24291220,1,0.0003605825_0.9996394
23,normal_0202,0,0.9956755_0.0043244376
24,normal_11,0,0.93037397_0.06962607
25,Z00419159,1,0.004601541_0.99539846
26,normal_0194,0,0.9919533_0.008046703
27,normal_0144,0,0.99013966_0.00986035
28,normal_0144,0,0.9895726_0.010427377
29,D01802251,1,0.0038573677_0.9961427
30,Z00472552,1,0.00031287852_0.9996872
31,normal_0043,0,0.9971457_0.0028543347
0,normal_0093,0,0.99587125_0.004128702
1,80146759,1,0.0003052622_0.9996947
2,normal_0357,0,0.98304224_0.016957736
3,normal_0099,0,0.9881926_0.011807405
4,normal_0122,0,0.9991449_0.00085502234
5,normal_0325,0,0.99112856_0.008871465
6,normal_0221,0,0.9626577_0.037342243
7,Z00477106,1,0.00014633805_0.9998536
8,Z00477106,1,2.3173661e-05_0.9999769
9,Z00408675,1,2.3731003e-05_0.9999763
10,normal_0105,0,0.98293257_0.017067479
11,D30840695,1,0.5253352_0.47466484
12,normal_0013,0,0.97964525_0.020354789
13,normal_0012,0,0.99982077_0.00017920489
14,normal_10,0,0.97378594_0.026214032
15,D08142516,1,0.08389843_0.9161015
16,D23548290,1,0.02468855_0.97531146
17,normal_0099,0,0.946049_0.053951032
18,D02185144,1,0.007500252_0.99249977
19,D30840695,1,0.13411608_0.8658839
20,normal_6,0,0.9884581_0.011541899
21,normal_0055,0,0.99968946_0.0003106117
22,Z00479791,1,0.00016409437_0.99983585
23,normal_0448,0,0.93297386_0.06702611
24,D23805007,1,0.0071895593_0.9928104
25,normal_0470,0,0.9870406_0.012959471
26,D23979736,1,0.081667185_0.91833276
27,normal_0006,0,0.9952779_0.0047221803
28,normal_0435,0,0.99753463_0.0024653631
29,normal_0015,0,0.99335337_0.006646572
30,normal_0048,0,0.98698634_0.01301369
31,normal_0200,0,0.94384366_0.056156367
0,Z00398330,1,0.00030051434_0.9996995
1,D30840695,1,0.22529092_0.7747091
2,normal_0070,0,0.9902535_0.009746481
3,normal_0083,0,0.9945897_0.0054103606
4,D29759101,1,0.00039654702_0.99960345
5,normal_0138,0,0.999979_2.0975693e-05
6,normal_0032,0,0.9956839_0.004316151
7,normal_7,0,0.98403937_0.015960641
8,normal_0164,0,0.9538464_0.04615353
9,D23805007,1,0.00088549685_0.99911445
10,normal_0048,0,0.9950906_0.004909411
11,normal_0075,0,0.9808133_0.019186642
12,normal_0075,0,0.97277147_0.027228516
13,D0211686X,1,6.523723e-05_0.9999348
14,normal_0085,0,0.9762199_0.023780027
15,normal_10,0,0.97498894_0.025010994
16,normal_0077,0,0.98585445_0.014145584
17,normal_0129,0,0.97879237_0.021207634
18,D24291220,1,4.632272e-05_0.9999536
19,normal_0202,0,0.99422365_0.005776298
20,normal_0112,0,0.98848444_0.0115156155
21,normal_0037,0,0.99347246_0.006527516
22,D08169364,1,0.0016503211_0.99834967
23,normal_0140,0,0.9824713_0.017528664
24,normal_0461,0,0.9803373_0.019662727
25,Z00372503,1,0.0009788658_0.9990212
26,normal_0038,0,0.9911492_0.008850797
27,D06164607,1,0.0017645537_0.99823546
28,normal_0311,0,0.98201764_0.0179823
29,normal_0150,0,0.98888016_0.011119805
30,normal_0150,0,0.99507856_0.004921437
31,T00172810,1,0.0047846185_0.9952154
0,normal_4,0,0.9200658_0.07993416
1,normal_0413,0,0.98294926_0.01705072
2,normal_0461,0,0.97895414_0.021045899
3,Z00468363,1,0.0058168424_0.9941831
4,normal_0037,0,0.9944634_0.0055366037
5,normal_0205,0,0.9953993_0.004600711
6,Z00385315,1,0.0005398574_0.99946016
7,normal_0403,0,0.9966073_0.0033927227
8,D23786264,1,0.018110253_0.9818897
9,normal_0313,0,0.79564357_0.20435639
10,D0813046X,1,0.002745454_0.99725455
11,D29346032,1,0.00015341707_0.9998466
12,normal_0003,0,0.9987276_0.0012723955
13,D24261507,1,0.050202064_0.949798
14,Z00468243,1,0.001880159_0.9981198
15,normal_0140,0,0.99216944_0.007830627
16,normal_15,0,0.986894_0.01310598
17,normal_0097,0,0.99253184_0.007468126
18,normal_0104,0,0.99993885_6.10974e-05
19,normal_0309,0,0.993454_0.0065459837
20,normal_0009,0,0.98598653_0.014013386
21,normal_0180,0,0.9998423_0.00015773035
22,normal_0005,0,0.9904537_0.009546334
23,Z00426754,1,0.03265571_0.9673442
24,D06402513,1,0.047473297_0.9525267
25,Z00479791,1,0.00037005096_0.99963
26,normal_0166,0,0.97641355_0.023586474
27,normal_0153,0,0.9790244_0.0209756
28,normal_0227,0,0.99386084_0.006139163
29,normal_0144,0,0.95074666_0.049253333
30,D56116603,1,0.026036937_0.973963
31,HG0766148,1,0.00040691334_0.9995931
0,D0813046X,1,0.0005993453_0.9994006
1,normal_0060,0,0.90512305_0.09487693
2,normal_0022,0,0.97950715_0.020492852
3,normal_0120,0,0.9890226_0.01097734
4,normal_0085,0,0.990945_0.009055043
5,normal_0346,0,0.9573941_0.04260591
6,normal_0098,0,0.98749256_0.012507415
7,normal_0460,0,0.946262_0.053737976
8,Z00281063,1,0.006132989_0.993867
9,normal_0128,0,0.9955454_0.0044545885
10,Z00480584,1,1.619902e-06_0.99999833
11,normal_0070,0,0.9389042_0.061095726
12,normal_0148,0,0.87484473_0.12515531
13,normal_0227,0,0.94989866_0.050101366
14,normal_0435,0,0.9961041_0.0038959233
15,normal_0065,0,0.998027_0.0019729666
16,normal_0322,0,0.9129133_0.08708666
17,D01802251,1,0.0015182775_0.9984817
18,normal_0119,0,0.98448294_0.015517082
19,normal_0094,0,0.93127906_0.06872095
20,normal_0075,0,0.9810687_0.01893138
21,D02185144,1,0.00034521733_0.99965477
22,normal_0168,0,0.92955744_0.07044261
23,D29346032,1,4.547396e-07_0.9999995
24,normal_0413,0,0.9957321_0.0042678285
25,normal_0120,0,0.97078663_0.029213391
26,normal_0435,0,0.99777514_0.0022248377
27,normal_0311,0,0.8520289_0.14797114
28,80140112,1,0.0015154552_0.99848455
29,normal_0033,0,0.99137515_0.008624831
30,normal_10,0,0.91429496_0.08570502
31,normal_0470,0,0.8598787_0.14012127
0,Z00477106,1,0.0005166482_0.99948335
1,D08142516,1,0.000410863_0.99958915
2,normal_14,0,0.968598_0.031401988
3,80146759,1,0.00053974276_0.9994603
4,normal_0013,0,0.95672303_0.04327699
5,D01812636,1,0.0007090255_0.99929094
6,normal_0176,0,0.9874293_0.012570683
7,normal_0015,0,0.97978526_0.020214703
8,HG0766148,1,0.00011415808_0.9998858
9,normal_0105,0,0.99094486_0.009055179
10,normal_0115,0,0.9956572_0.0043428065
11,normal_0144,0,0.9846182_0.015381843
12,normal_0098,0,0.9928069_0.007193052
13,normal_0038,0,0.98094213_0.019057821
14,normal_0227,0,0.99373794_0.0062620286
15,normal_0063,0,0.95809144_0.041908525
16,normal_0359,0,0.99888855_0.0011114118
17,D08169364,1,0.0003061929_0.9996939
18,normal_0097,0,0.9932922_0.0067077824
19,Z00309741,1,0.0024448982_0.9975551
20,normal_0322,0,0.968727_0.03127296
21,normal_0037,0,0.9934496_0.006550389
22,normal_0408,0,0.9401204_0.05987963
23,normal_0103,0,0.8530042_0.14699578
24,normal_0098,0,0.99629164_0.003708403
25,Z00477106,1,0.00083611417_0.99916387
26,normal_0041,0,0.9952744_0.0047255903
27,normal_0055,0,0.996897_0.0031030453
28,Z00358778,1,0.0021731735_0.99782676
29,normal_0140,0,0.9820879_0.017912058
30,normal_0193,0,0.885321_0.11467902
31,normal_0403,0,0.9860443_0.013955764
0,normal_0390,0,0.99702495_0.0029750608
1,normal_0448,0,0.951583_0.048416965
2,normal_0014,0,0.9904345_0.009565464
3,normal_0128,0,0.9962171_0.003782894
4,HG0411910,1,0.0017211526_0.99827886
5,Z00398330,1,0.0049981615_0.99500185
6,normal_0014,0,0.99833196_0.0016680381
7,HG0766148,1,4.2958956e-05_0.9999571
8,normal_0448,0,0.9402421_0.059757896
9,normal_0012,0,0.9981957_0.0018042859
10,normal_0085,0,0.991952_0.008047975
11,normal_0196,0,0.74652195_0.25347805
12,Z00288756,1,4.946867e-05_0.9999505
13,D01812636,1,0.0011474076_0.9988526
14,normal_0175,0,0.97214186_0.027858146
15,normal_0194,0,0.9962741_0.0037258763
16,normal_0197,0,0.99720144_0.0027985894
17,D24261507,1,0.03487276_0.9651272
18,normal_0136,0,0.9858381_0.014161823
19,normal_0221,0,0.94973195_0.05026811
20,Z00408675,1,0.00044216134_0.9995578
21,normal_0246,0,0.99551916_0.004480759
22,normal_0194,0,0.99442333_0.0055766823
23,normal_0322,0,0.9838394_0.01616069
24,normal_0051,0,0.9930026_0.0069974177
25,normal_0124,0,0.91824675_0.08175325
26,normal_0454,0,0.9819026_0.018097347
27,Z00419159,1,0.0012575411_0.9987425
28,normal_0075,0,0.97839534_0.021604719
29,80139062,1,0.0019087438_0.9980913
30,normal_6,0,0.9844757_0.015524339
31,Z00358778,1,0.0017571796_0.99824286
0,normal_0120,0,0.9961838_0.003816185
1,D01802251,1,0.00034526968_0.99965477
2,normal_0180,0,0.9992995_0.00070041703
3,normal_0313,0,0.9314396_0.06856041
4,normal_0012,0,0.9985844_0.0014156118
5,80139062,1,0.0010218726_0.99897814
6,normal_0246,0,0.9954787_0.004521344
7,Z00480584,1,7.468916e-05_0.99992526
8,normal_0014,0,0.98711026_0.012889762
9,normal_0394,0,0.99940777_0.0005922478
10,D56116603,1,0.009303527_0.99069643
11,Z00473293,1,0.0041402704_0.9958597
12,Z00472552,1,0.010276494_0.98972344
13,Z00281063,1,0.047093537_0.9529064
14,Z00480584,1,0.002024018_0.997976
15,normal_15,0,0.98697424_0.013025798
16,normal_0010,0,0.99873775_0.00126222
17,normal_0099,0,0.992305_0.0076950425
18,normal_0146,0,0.9952952_0.004704729
19,normal_0163,0,0.98732936_0.012670628
20,normal_0034,0,0.9816414_0.018358609
21,normal_0104,0,0.99994373_5.6270383e-05
22,normal_0050,0,0.957925_0.042074945
23,normal_0148,0,0.9642474_0.035752635
24,normal_0127,0,0.9967637_0.003236305
25,Z00426754,1,0.01342641_0.9865736
26,D02185144,1,0.003409388_0.9965906
27,normal_0420,0,0.99666023_0.003339731
28,Z00473293,1,0.0016045527_0.9983954
29,Z00372503,1,0.0037832933_0.9962167
30,D23979736,1,0.057726182_0.94227386
31,normal_0073,0,0.9955733_0.0044267154
0,normal_0078,0,0.9935782_0.0064217313
1,normal_0002,0,0.9987295_0.001270476
2,Z00437703,1,0.0007631715_0.9992368
3,normal_0063,0,0.99625444_0.0037455147
4,normal_0105,0,0.9912636_0.008736365
5,Z00477802,1,0.00066674035_0.9993332
6,normal_7,0,0.9859147_0.014085237
7,HG0656782,1,0.0005159344_0.99948406
8,Z00477106,1,0.00015865466_0.99984133
9,normal_0078,0,0.9976744_0.002325646
10,normal_0033,0,0.99951315_0.0004867994
11,normal_0104,0,0.9999621_3.7856673e-05
12,normal_0019,0,0.99869245_0.0013075393
13,normal_10,0,0.9915376_0.008462472
14,HG045593X,1,0.03697913_0.96302086
15,Z00372503,1,0.036417622_0.9635824
16,D06164607,1,0.001305552_0.9986945
17,normal_0085,0,0.99299604_0.0070039206
18,normal_0026,0,0.9968917_0.003108314
19,D30462145,1,0.0023692325_0.9976307
20,normal_0448,0,0.9876896_0.012310355
21,D29346032,1,0.00013544406_0.9998646
22,HG1047858,1,0.037544902_0.96245515
23,normal_0099,0,0.9830618_0.01693821
24,Z00408100,1,0.0066670147_0.99333304
25,normal_0073,0,0.99519426_0.0048057125
26,normal_0176,0,0.9948683_0.005131686
27,normal_0005,0,0.9756039_0.024396077
28,Z00419159,1,0.11108116_0.8889188
29,D29346032,1,0.00045236977_0.99954766
30,Z00410561,1,0.00092385727_0.9990761
31,normal_0127,0,0.99833196_0.0016680451
0,normal_0177,0,0.9442149_0.055785127
1,normal_0390,0,0.99693894_0.003061028
2,D06164607,1,0.00034941811_0.9996506
3,normal_0098,0,0.99852836_0.0014716695
4,HG045593X,1,0.0013514748_0.9986486
5,D44570219,1,2.5360036e-05_0.9999746
6,normal_0119,0,0.9846511_0.015348917
7,Z00455583,1,0.035685096_0.9643149
8,normal_0144,0,0.9252527_0.07474739
9,normal_0065,0,0.9932093_0.006790733
10,normal_6,0,0.9886707_0.01132927
11,normal_0063,0,0.9494401_0.050559856
12,Z00408675,1,0.0016325916_0.99836737
13,normal_0033,0,0.99546176_0.004538229
14,normal_0394,0,0.9988023_0.0011977463
15,D23805007,1,0.00074157416_0.99925846
16,Z00437703,1,0.00024407987_0.9997559
17,Z00410561,1,8.736226e-05_0.9999126
18,normal_0061,0,0.9822901_0.017709961
19,normal_0157,0,0.9995597_0.00044030693
20,normal_0138,0,0.9998049_0.00019506834
21,Z00455583,1,0.007879301_0.99212074
22,normal_0221,0,0.9287182_0.071281865
23,normal_0118,0,0.9636458_0.036354173
24,D23786264,1,0.002593223_0.9974068
25,normal_0471,0,0.97469_0.025310025
26,normal_0196,0,0.81483215_0.1851679
27,normal_0295,0,0.99481165_0.005188369
28,normal_3,0,0.82179177_0.17820823
29,normal_0078,0,0.9904598_0.009540267
30,D02185144,1,0.047769915_0.9522301
31,normal_0094,0,0.95166636_0.04833358
0,Z00468363,1,0.0018312985_0.9981687
1,D44570219,1,3.5506641e-06_0.9999964
2,80139062,1,0.04191992_0.95808005
3,normal_0013,0,0.9588401_0.041159928
4,normal_0309,0,0.9928324_0.0071675167
5,D24128247,1,0.00024969323_0.9997503
6,T00172810,1,0.0001300296_0.99986994
7,normal_0038,0,0.9962261_0.0037739505
8,normal_0159,0,0.99882644_0.0011734973
9,normal_0200,0,0.81222093_0.18777905
10,normal_0115,0,0.9904941_0.00950599
11,normal_15,0,0.9802946_0.019705484
12,normal_0175,0,0.9708148_0.029185139
13,Z00479791,1,9.268449e-05_0.99990726
14,D29759101,1,0.011822838_0.9881771
15,D56116603,1,0.0039796173_0.9960204
16,normal_0204,0,0.95846814_0.04153192
17,Z00398330,1,0.0013087658_0.99869126
18,normal_0471,0,0.9981505_0.0018494169
19,D32172117,1,0.008609067_0.99139094
20,normal_0055,0,0.99804664_0.0019533732
21,normal_0026,0,0.995972_0.0040280623
22,normal_0150,0,0.9890398_0.010960181
23,normal_9,0,0.9633802_0.036619797
24,normal_0197,0,0.99454147_0.0054586045
25,normal_0201,0,0.99351406_0.0064859283
26,normal_0140,0,0.9867669_0.013233054
27,normal_0136,0,0.99719465_0.0028053606
28,normal_0061,0,0.9701479_0.029852109
29,normal_0199,0,0.99557835_0.004421629
30,Z00415455,1,0.0020174868_0.9979825
31,normal_0043,0,0.9926858_0.0073142396
0,normal_0196,0,0.9745849_0.025415068
1,normal_0157,0,0.99803776_0.0019622357
2,Z00472552,1,0.0027713585_0.9972287
3,normal_0199,0,0.9982711_0.0017288767
4,normal_0204,0,0.9400891_0.059910845
5,normal_0177,0,0.879401_0.12059899
6,normal_0015,0,0.9466137_0.05338627
7,Z00476547,1,0.0016203714_0.9983796
8,normal_0077,0,0.9916789_0.00832114
9,normal_0146,0,0.99912566_0.00087439775
10,normal_0199,0,0.9898295_0.010170483
11,normal_0130,0,0.93762547_0.06237454
12,normal_0063,0,0.96820694_0.0317931
13,HG0384836,1,1.0718127e-05_0.9999893
14,normal_7,0,0.9555374_0.044462673
15,D02185144,1,0.011921917_0.98807806
16,Z00358778,1,0.00023877586_0.9997613
17,normal_0034,0,0.9789538_0.021046227
18,D44570219,1,0.0015062927_0.9984937
19,HG0411910,1,0.000115156734_0.99988484
20,normal_0043,0,0.99482864_0.005171311
21,D23548290,1,0.00042153426_0.9995784
22,Z00281063,1,0.051625732_0.9483742
23,Z00357569,1,0.17651601_0.82348394
24,normal_0155,0,0.98578763_0.014212443
25,normal_0143,0,0.9776192_0.022380807
26,Z00468363,1,0.014178429_0.98582155
27,normal_0128,0,0.9952455_0.0047544916
28,normal_0006,0,0.99183214_0.008167861
29,normal_0164,0,0.8968764_0.1031236
30,normal_0132,0,0.99269307_0.0073069134
31,normal_0037,0,0.9989864_0.0010135575
0,normal_0065,0,0.9843254_0.01567463
1,normal_0150,0,0.951014_0.04898604
2,normal_0052,0,0.98620564_0.01379436
3,D24128247,1,0.0006361233_0.99936384
4,normal_0197,0,0.97266114_0.027338855
5,normal_0202,0,0.98185235_0.018147666
6,normal_0077,0,0.9730276_0.02697237
7,HG1047858,1,4.0435396e-05_0.9999596
8,normal_0134,0,0.92771196_0.07228806
9,normal_0048,0,0.9927671_0.007232866
10,normal_0200,0,0.3614637_0.63853633
11,normal_0309,0,0.9904337_0.009566301
12,normal_0112,0,0.96606755_0.03393246
13,D24261507,1,0.00049389416_0.9995061
14,normal_0083,0,0.95003545_0.049964473
15,normal_0118,0,0.9645421_0.03545791
16,normal_0460,0,0.96077067_0.039229263
17,normal_0115,0,0.9659166_0.034083385
18,normal_0295,0,0.9875021_0.012497931
19,normal_0131,0,0.9615419_0.038458128
20,normal_0394,0,0.9951776_0.00482238
21,normal_0170,0,0.9690222_0.030977804
22,normal_0034,0,0.9153908_0.08460924
23,normal_0055,0,0.9877345_0.012265428
24,normal_0202,0,0.9862575_0.013742481
25,normal_0166,0,0.9723894_0.027610641
26,normal_0197,0,0.94505334_0.054946672
27,normal_0194,0,0.9973199_0.0026801748
28,Z00480584,1,1.4612119e-06_0.99999857
29,normal_0065,0,0.98975706_0.010242877
30,80140112,1,1.3991617e-05_0.99998605
31,HG0411910,1,1.8085404e-05_0.9999819
0,normal_0332,0,0.9833851_0.01661498
1,normal_0022,0,0.98433995_0.015660048
2,D02225257,1,0.0014617305_0.99853826
3,Z00479791,1,0.00015646708_0.9998435
4,D24128247,1,0.0003674247_0.9996326
5,normal_0033,0,0.99719715_0.0028028886
6,normal_0193,0,0.97734356_0.0226565
7,normal_0085,0,0.98666847_0.013331493
8,normal_0032,0,0.9807444_0.019255543
9,normal_0093,0,0.9646699_0.035330165
10,normal_0413,0,0.99432063_0.005679322
11,normal_0202,0,0.993432_0.006568063
12,normal_0413,0,0.99522084_0.0047791125
13,normal_0454,0,0.8964034_0.10359664
14,Z00480584,1,0.00045123772_0.99954873
15,D0211686X,1,0.0010888136_0.99891114
16,normal_0098,0,0.9811054_0.018894624
17,normal_0060,0,0.975059_0.024940995
18,normal_0061,0,0.9936231_0.006376893
19,normal_0015,0,0.97116_0.02884002
20,Z00479339,1,0.0017056161_0.9982944
21,normal_0170,0,0.99927014_0.0007298228
22,normal_0204,0,0.9793911_0.020608922
23,Z00473126,1,0.0042727212_0.9957273
24,T00172810,1,0.0013870061_0.998613
25,normal_0041,0,0.9977476_0.0022524088
26,Z00385315,1,0.0012064357_0.9987935
27,normal_0346,0,0.9918799_0.00812013
28,D56116603,1,0.022462277_0.97753775
29,normal_0122,0,0.9945733_0.0054267272
30,normal_0201,0,0.98217195_0.01782802
31,D01802251,1,0.036659356_0.9633406
0,normal_0005,0,0.98358005_0.01641999
1,normal_0131,0,0.9889447_0.011055246
2,normal_0201,0,0.99700963_0.0029903958
3,normal_0130,0,0.98147005_0.01852992
4,Z00281063,1,0.06781427_0.9321857
5,normal_0168,0,0.9822274_0.017772546
6,normal_4,0,0.81383497_0.18616505
7,80146759,1,0.0069695786_0.9930305
8,normal_0014,0,0.99978954_0.00021043072
9,normal_0041,0,0.99835724_0.00164279
10,normal_9,0,0.9827503_0.017249728
11,Z00288756,1,0.0007002689_0.99929976
12,normal_0052,0,0.9959507_0.0040493314
13,normal_0128,0,0.9936985_0.0063014734
14,normal_0148,0,0.9852191_0.014780809
15,80146759,1,0.0005844739_0.9994155
16,normal_0192,0,0.99908924_0.00091072964
17,normal_0118,0,0.98669237_0.013307599
18,D01812636,1,3.1862903e-05_0.9999682
19,Z00457765,1,0.0009950736_0.9990049
20,D30840695,1,0.399221_0.60077894
21,D08142516,1,0.00028349928_0.99971646
22,normal_0105,0,0.9756841_0.024315916
23,D08142516,1,0.010024033_0.989976
24,normal_0194,0,0.9992818_0.0007181379
25,normal_0170,0,0.98574466_0.014255349
26,Z00288756,1,0.004436999_0.99556303
27,normal_0010,0,0.99692386_0.0030761508
28,D02185144,1,0.010452404_0.9895476
29,normal_0131,0,0.97372603_0.026273998
30,HG1324042,1,0.00068535085_0.99931467
31,normal_9,0,0.97214407_0.027855957
0,Z00415455,1,0.01266962_0.98733044
1,D29759101,1,0.051651783_0.94834816
2,D23805007,1,0.0010650762_0.9989349
3,normal_0136,0,0.9984862_0.0015138391
4,D29346032,1,0.0006357614_0.9993642
5,normal_0143,0,0.9798416_0.020158455
6,normal_0009,0,0.99571264_0.0042873956
7,normal_0073,0,0.9835961_0.016403925
8,D23548290,1,0.006164652_0.99383533
9,normal_0078,0,0.99551916_0.004480823
10,normal_0205,0,0.9981029_0.0018970954
11,D32172117,1,0.02917952_0.9708204
12,80140112,1,0.0073653236_0.9926347
13,normal_0357,0,0.99448675_0.0055133044
14,HG0766148,1,0.00094348623_0.9990565
15,normal_0070,0,0.99635905_0.0036409707
16,normal_0019,0,0.99996996_3.005422e-05
17,Z00476547,1,0.023626383_0.9763737
18,normal_0083,0,0.9715963_0.028403668
19,normal_0132,0,0.9978631_0.0021368768
20,D44570219,1,0.005541638_0.9944583
21,normal_0346,0,0.99509335_0.004906637
22,normal_0309,0,0.99927276_0.0007272332
23,Z00476547,1,0.052743953_0.9472561
24,normal_0051,0,0.99661046_0.0033895643
25,normal_0153,0,0.9987865_0.0012135063
26,normal_0124,0,0.98045015_0.019549787
27,Z00372503,1,0.028435148_0.97156477
28,Z00309741,1,0.0040815966_0.99591845
29,D06164607,1,0.0017155305_0.9982844
30,normal_0112,0,0.99832326_0.0016767476
31,Z00270821,1,8.4842904e-05_0.9999151
0,D24128247,1,0.0018290379_0.998171
1,Z00408100,1,0.00012976551_0.9998702
2,normal_0454,0,0.97572416_0.024275873
3,normal_0094,0,0.99380386_0.006196163
4,normal_0146,0,0.99765223_0.0023477774
5,Z00357569,1,0.34185883_0.65814114
6,normal_0332,0,0.99117965_0.008820347
7,normal_0166,0,0.9881422_0.01185783
8,D24128247,1,0.0012503153_0.9987496
9,normal_0127,0,0.9960615_0.00393847
10,normal_0205,0,0.993034_0.0069659487
11,D01812636,1,0.00085026503_0.9991497
12,normal_0015,0,0.99114275_0.008857204
13,Z00385315,1,0.0021970996_0.9978029
14,normal_0460,0,0.99152714_0.008472892
15,normal_0002,0,0.9780912_0.02190883
16,normal_0168,0,0.99564606_0.004353926
17,normal_0246,0,0.9929703_0.00702976
18,D0813046X,1,0.0089007355_0.9910993
19,normal_0390,0,0.9961727_0.0038272385
20,normal_0073,0,0.96684945_0.033150587
21,normal_0185,0,0.9967278_0.00327213
22,Z00473293,1,0.08129892_0.91870105
23,normal_0448,0,0.97383785_0.026162134
24,normal_0026,0,0.9933031_0.006696814
25,Z00270821,1,0.0043050703_0.9956949
26,Z00408100,1,0.0011734349_0.99882656
27,normal_0403,0,0.9838771_0.016122907
28,D08142516,1,0.075530514_0.9244695
29,Z00477802,1,0.0088241035_0.9911759
30,Z00288756,1,0.007939113_0.9920609
31,HG0656782,1,0.0012180465_0.998782
0,normal_0175,0,0.9811094_0.01889065
1,normal_0052,0,0.99879646_0.0012034974
2,HG0656782,1,0.00094254554_0.9990575
3,Z00457765,1,0.0001924784_0.99980754
4,normal_0420,0,0.95736724_0.042632747
5,Z00357569,1,0.019885972_0.98011404
6,normal_0129,0,0.989528_0.010471991
7,normal_0322,0,0.9548749_0.045125168
8,Z00270821,1,1.32577e-05_0.99998677
9,normal_0077,0,0.9827603_0.017239666
10,80146759,1,0.0055451_0.9944549
11,D56116603,1,0.005178789_0.9948212
12,normal_0119,0,0.99478793_0.005212094
13,normal_0050,0,0.8902666_0.10973339
14,normal_0163,0,0.9819032_0.018096866
15,normal_0159,0,0.9956304_0.0043696556
16,D23548290,1,0.018505597_0.9814944
17,normal_0010,0,0.9920042_0.007995771
18,normal_0177,0,0.97462386_0.02537614
19,normal_0204,0,0.98217946_0.0178206
20,Z00399518,1,0.00015380111_0.9998462
21,D06164607,1,0.00028530078_0.9997147
22,normal_0454,0,0.949504_0.050496016
23,normal_0134,0,0.9959407_0.0040593394
24,Z00337610,1,0.00076215697_0.9992379
25,Z00309741,1,0.002966956_0.997033
26,normal_0159,0,0.99565685_0.0043432172
27,normal_8,0,0.9969279_0.003072053
28,normal_0043,0,0.9983291_0.0016709133
29,normal_11,0,0.97416764_0.02583234
30,Z00426754,1,0.035481256_0.9645188
31,normal_0309,0,0.99964106_0.00035890404
